<?xml version="1.0" encoding="UTF-8"?>
<!DOCTYPE hibernate-mapping PUBLIC 
    "-//Hibernate/Hibernate Mapping DTD 3.0//EN"
    "http://hibernate.sourceforge.net/hibernate-mapping-3.0.dtd">
<hibernate-mapping>
  <class name="com.cognizant.simha.entities.TrainingRoom" table="Room">
	   <id name="roomNo" type="int" column="Room_No" >
	   <generator class="identity"/>
	  </id>
     
	  <property name="location">
		 <column name="Location" />
	  </property>
	  <property name="capacity">
		 <column name="Capacity" />
	  </property>
	  <property name="system_Avl" column="Is_system_Avl"></property>
	  <property name="projector_Avl" column="Is_projector_Avl"></property>
   </class>  

</hibernate-mapping>